[{"model": "admin.logentry", "pk": 1, "fields": {"action_time": "2025-05-25T18:06:33.177Z", "user": 1, "content_type": 7, "object_id": "1", "object_repr": "Часы", "action_flag": 1, "change_message": "[{\"added\": {}}]"}}, {"model": "admin.logentry", "pk": 2, "fields": {"action_time": "2025-05-25T18:06:50.848Z", "user": 1, "content_type": 7, "object_id": "1", "object_repr": "Часы", "action_flag": 2, "change_message": "[{\"changed\": {\"fields\": [\"\\u041a\\u0430\\u0442\\u0435\\u0433\\u043e\\u0440\\u0438\\u044f\"]}}]"}}, {"model": "admin.logentry", "pk": 3, "fields": {"action_time": "2025-05-25T18:06:55.479Z", "user": 1, "content_type": 7, "object_id": "1", "object_repr": "Часы", "action_flag": 3, "change_message": ""}}, {"model": "admin.logentry", "pk": 4, "fields": {"action_time": "2025-05-25T18:09:45.773Z", "user": 1, "content_type": 7, "object_id": "2", "object_repr": "Часы", "action_flag": 1, "change_message": "[{\"added\": {}}]"}}, {"model": "admin.logentry", "pk": 5, "fields": {"action_time": "2025-05-25T18:10:04.160Z", "user": 1, "content_type": 7, "object_id": "3", "object_repr": "Кварцевые", "action_flag": 1, "change_message": "[{\"added\": {}}]"}}, {"model": "admin.logentry", "pk": 6, "fields": {"action_time": "2025-05-25T18:10:24.760Z", "user": 1, "content_type": 7, "object_id": "4", "object_repr": "Электронные", "action_flag": 1, "change_message": "[{\"added\": {}}]"}}, {"model": "admin.logentry", "pk": 7, "fields": {"action_time": "2025-05-26T13:13:56.103Z", "user": 1, "content_type": 8, "object_id": "1", "object_repr": "casio", "action_flag": 1, "change_message": "[{\"added\": {}}, {\"added\": {\"name\": \"\\u0418\\u0437\\u043e\\u0431\\u0440\\u0430\\u0436\\u0435\\u043d\\u0438\\u0435\", \"object\": \"Gallery object (1)\"}}, {\"added\": {\"name\": \"\\u0418\\u0437\\u043e\\u0431\\u0440\\u0430\\u0436\\u0435\\u043d\\u0438\\u0435\", \"object\": \"Gallery object (2)\"}}, {\"added\": {\"name\": \"\\u0418\\u0437\\u043e\\u0431\\u0440\\u0430\\u0436\\u0435\\u043d\\u0438\\u0435\", \"object\": \"Gallery object (3)\"}}]"}}, {"model": "admin.logentry", "pk": 8, "fields": {"action_time": "2025-05-26T16:06:24.664Z", "user": 1, "content_type": 8, "object_id": "2", "object_repr": "Hublot", "action_flag": 1, "change_message": "[{\"added\": {}}, {\"added\": {\"name\": \"\\u0418\\u0437\\u043e\\u0431\\u0440\\u0430\\u0436\\u0435\\u043d\\u0438\\u0435\", \"object\": \"Gallery object (4)\"}}, {\"added\": {\"name\": \"\\u0418\\u0437\\u043e\\u0431\\u0440\\u0430\\u0436\\u0435\\u043d\\u0438\\u0435\", \"object\": \"Gallery object (5)\"}}, {\"added\": {\"name\": \"\\u0418\\u0437\\u043e\\u0431\\u0440\\u0430\\u0436\\u0435\\u043d\\u0438\\u0435\", \"object\": \"Gallery object (6)\"}}]"}}, {"model": "admin.logentry", "pk": 9, "fields": {"action_time": "2025-05-27T07:51:19.618Z", "user": 1, "content_type": 7, "object_id": "5", "object_repr": "ноутбуки", "action_flag": 1, "change_message": "[{\"added\": {}}]"}}, {"model": "admin.logentry", "pk": 10, "fields": {"action_time": "2025-05-27T07:52:22.864Z", "user": 1, "content_type": 7, "object_id": "6", "object_repr": "Кроссовки", "action_flag": 1, "change_message": "[{\"added\": {}}]"}}, {"model": "admin.logentry", "pk": 11, "fields": {"action_time": "2025-05-27T08:12:02.835Z", "user": 1, "content_type": 7, "object_id": "6", "object_repr": "Кроссовки", "action_flag": 2, "change_message": "[{\"changed\": {\"fields\": [\"\\u0418\\u0437\\u043e\\u0431\\u0440\\u0430\\u0436\\u0435\\u043d\\u0438\\u0435\"]}}]"}}, {"model": "admin.logentry", "pk": 12, "fields": {"action_time": "2025-05-27T08:13:37.430Z", "user": 1, "content_type": 7, "object_id": "6", "object_repr": "Кроссовки", "action_flag": 2, "change_message": "[{\"changed\": {\"fields\": [\"\\u0418\\u0437\\u043e\\u0431\\u0440\\u0430\\u0436\\u0435\\u043d\\u0438\\u0435\"]}}]"}}, {"model": "admin.logentry", "pk": 13, "fields": {"action_time": "2025-05-27T08:13:56.991Z", "user": 1, "content_type": 7, "object_id": "2", "object_repr": "Часы", "action_flag": 2, "change_message": "[{\"changed\": {\"fields\": [\"\\u0418\\u0437\\u043e\\u0431\\u0440\\u0430\\u0436\\u0435\\u043d\\u0438\\u0435\"]}}]"}}, {"model": "admin.logentry", "pk": 14, "fields": {"action_time": "2025-05-27T09:09:31.045Z", "user": 1, "content_type": 8, "object_id": "3", "object_repr": "rolex Air-King", "action_flag": 1, "change_message": "[{\"added\": {}}]"}}, {"model": "admin.logentry", "pk": 15, "fields": {"action_time": "2025-05-27T09:10:15.161Z", "user": 1, "content_type": 8, "object_id": "3", "object_repr": "rolex Air-King", "action_flag": 2, "change_message": "[{\"added\": {\"name\": \"\\u0418\\u0437\\u043e\\u0431\\u0440\\u0430\\u0436\\u0435\\u043d\\u0438\\u0435\", \"object\": \"Gallery object (7)\"}}, {\"added\": {\"name\": \"\\u0418\\u0437\\u043e\\u0431\\u0440\\u0430\\u0436\\u0435\\u043d\\u0438\\u0435\", \"object\": \"Gallery object (8)\"}}, {\"added\": {\"name\": \"\\u0418\\u0437\\u043e\\u0431\\u0440\\u0430\\u0436\\u0435\\u043d\\u0438\\u0435\", \"object\": \"Gallery object (9)\"}}]"}}, {"model": "admin.logentry", "pk": 16, "fields": {"action_time": "2025-05-27T16:02:45.530Z", "user": 1, "content_type": 8, "object_id": "4", "object_repr": "MacBook Air m1", "action_flag": 1, "change_message": "[{\"added\": {}}]"}}, {"model": "admin.logentry", "pk": 17, "fields": {"action_time": "2025-05-27T16:03:45.455Z", "user": 1, "content_type": 8, "object_id": "4", "object_repr": "MacBook Air m1", "action_flag": 2, "change_message": "[{\"added\": {\"name\": \"\\u0418\\u0437\\u043e\\u0431\\u0440\\u0430\\u0436\\u0435\\u043d\\u0438\\u0435\", \"object\": \"Gallery object (10)\"}}, {\"added\": {\"name\": \"\\u0418\\u0437\\u043e\\u0431\\u0440\\u0430\\u0436\\u0435\\u043d\\u0438\\u0435\", \"object\": \"Gallery object (11)\"}}, {\"added\": {\"name\": \"\\u0418\\u0437\\u043e\\u0431\\u0440\\u0430\\u0436\\u0435\\u043d\\u0438\\u0435\", \"object\": \"Gallery object (12)\"}}]"}}, {"model": "admin.logentry", "pk": 18, "fields": {"action_time": "2025-05-27T16:07:34.951Z", "user": 1, "content_type": 8, "object_id": "5", "object_repr": "Hp", "action_flag": 1, "change_message": "[{\"added\": {}}, {\"added\": {\"name\": \"\\u0418\\u0437\\u043e\\u0431\\u0440\\u0430\\u0436\\u0435\\u043d\\u0438\\u0435\", \"object\": \"Gallery object (13)\"}}, {\"added\": {\"name\": \"\\u0418\\u0437\\u043e\\u0431\\u0440\\u0430\\u0436\\u0435\\u043d\\u0438\\u0435\", \"object\": \"Gallery object (14)\"}}, {\"added\": {\"name\": \"\\u0418\\u0437\\u043e\\u0431\\u0440\\u0430\\u0436\\u0435\\u043d\\u0438\\u0435\", \"object\": \"Gallery object (15)\"}}]"}}, {"model": "admin.logentry", "pk": 19, "fields": {"action_time": "2025-05-27T16:11:47.210Z", "user": 1, "content_type": 8, "object_id": "6", "object_repr": "Patek philippe", "action_flag": 1, "change_message": "[{\"added\": {}}, {\"added\": {\"name\": \"\\u0418\\u0437\\u043e\\u0431\\u0440\\u0430\\u0436\\u0435\\u043d\\u0438\\u0435\", \"object\": \"Gallery object (16)\"}}, {\"added\": {\"name\": \"\\u0418\\u0437\\u043e\\u0431\\u0440\\u0430\\u0436\\u0435\\u043d\\u0438\\u0435\", \"object\": \"Gallery object (17)\"}}, {\"added\": {\"name\": \"\\u0418\\u0437\\u043e\\u0431\\u0440\\u0430\\u0436\\u0435\\u043d\\u0438\\u0435\", \"object\": \"Gallery object (18)\"}}]"}}, {"model": "admin.logentry", "pk": 20, "fields": {"action_time": "2025-05-27T16:12:11.879Z", "user": 1, "content_type": 8, "object_id": "3", "object_repr": "rolex Air-King", "action_flag": 2, "change_message": "[{\"changed\": {\"fields\": [\"\\u041a\\u043e\\u043b\\u0438\\u0447\\u0435\\u0441\\u0442\\u0432\\u043e\"]}}]"}}, {"model": "admin.logentry", "pk": 21, "fields": {"action_time": "2025-05-27T16:12:21.345Z", "user": 1, "content_type": 8, "object_id": "5", "object_repr": "Hp", "action_flag": 2, "change_message": "[{\"changed\": {\"fields\": [\"\\u041a\\u043e\\u043b\\u0438\\u0447\\u0435\\u0441\\u0442\\u0432\\u043e\"]}}]"}}, {"model": "admin.logentry", "pk": 22, "fields": {"action_time": "2025-05-27T16:12:21.346Z", "user": 1, "content_type": 8, "object_id": "1", "object_repr": "casio", "action_flag": 2, "change_message": "[{\"changed\": {\"fields\": [\"\\u041a\\u043e\\u043b\\u0438\\u0447\\u0435\\u0441\\u0442\\u0432\\u043e\"]}}]"}}, {"model": "admin.logentry", "pk": 23, "fields": {"action_time": "2025-05-27T16:21:43.267Z", "user": 1, "content_type": 8, "object_id": "7", "object_repr": "Adidas", "action_flag": 1, "change_message": "[{\"added\": {}}, {\"added\": {\"name\": \"\\u0418\\u0437\\u043e\\u0431\\u0440\\u0430\\u0436\\u0435\\u043d\\u0438\\u0435\", \"object\": \"Gallery object (19)\"}}, {\"added\": {\"name\": \"\\u0418\\u0437\\u043e\\u0431\\u0440\\u0430\\u0436\\u0435\\u043d\\u0438\\u0435\", \"object\": \"Gallery object (20)\"}}, {\"added\": {\"name\": \"\\u0418\\u0437\\u043e\\u0431\\u0440\\u0430\\u0436\\u0435\\u043d\\u0438\\u0435\", \"object\": \"Gallery object (21)\"}}]"}}, {"model": "admin.logentry", "pk": 24, "fields": {"action_time": "2025-05-27T16:24:28.761Z", "user": 1, "content_type": 8, "object_id": "8", "object_repr": "Samba", "action_flag": 1, "change_message": "[{\"added\": {}}, {\"added\": {\"name\": \"\\u0418\\u0437\\u043e\\u0431\\u0440\\u0430\\u0436\\u0435\\u043d\\u0438\\u0435\", \"object\": \"Gallery object (22)\"}}, {\"added\": {\"name\": \"\\u0418\\u0437\\u043e\\u0431\\u0440\\u0430\\u0436\\u0435\\u043d\\u0438\\u0435\", \"object\": \"Gallery object (23)\"}}, {\"added\": {\"name\": \"\\u0418\\u0437\\u043e\\u0431\\u0440\\u0430\\u0436\\u0435\\u043d\\u0438\\u0435\", \"object\": \"Gallery object (24)\"}}]"}}, {"model": "auth.permission", "pk": 1, "fields": {"name": "Can add log entry", "content_type": 1, "codename": "add_logentry"}}, {"model": "auth.permission", "pk": 2, "fields": {"name": "Can change log entry", "content_type": 1, "codename": "change_logentry"}}, {"model": "auth.permission", "pk": 3, "fields": {"name": "Can delete log entry", "content_type": 1, "codename": "delete_logentry"}}, {"model": "auth.permission", "pk": 4, "fields": {"name": "Can view log entry", "content_type": 1, "codename": "view_logentry"}}, {"model": "auth.permission", "pk": 5, "fields": {"name": "Can add permission", "content_type": 2, "codename": "add_permission"}}, {"model": "auth.permission", "pk": 6, "fields": {"name": "Can change permission", "content_type": 2, "codename": "change_permission"}}, {"model": "auth.permission", "pk": 7, "fields": {"name": "Can delete permission", "content_type": 2, "codename": "delete_permission"}}, {"model": "auth.permission", "pk": 8, "fields": {"name": "Can view permission", "content_type": 2, "codename": "view_permission"}}, {"model": "auth.permission", "pk": 9, "fields": {"name": "Can add group", "content_type": 3, "codename": "add_group"}}, {"model": "auth.permission", "pk": 10, "fields": {"name": "Can change group", "content_type": 3, "codename": "change_group"}}, {"model": "auth.permission", "pk": 11, "fields": {"name": "Can delete group", "content_type": 3, "codename": "delete_group"}}, {"model": "auth.permission", "pk": 12, "fields": {"name": "Can view group", "content_type": 3, "codename": "view_group"}}, {"model": "auth.permission", "pk": 13, "fields": {"name": "Can add user", "content_type": 4, "codename": "add_user"}}, {"model": "auth.permission", "pk": 14, "fields": {"name": "Can change user", "content_type": 4, "codename": "change_user"}}, {"model": "auth.permission", "pk": 15, "fields": {"name": "Can delete user", "content_type": 4, "codename": "delete_user"}}, {"model": "auth.permission", "pk": 16, "fields": {"name": "Can view user", "content_type": 4, "codename": "view_user"}}, {"model": "auth.permission", "pk": 17, "fields": {"name": "Can add content type", "content_type": 5, "codename": "add_contenttype"}}, {"model": "auth.permission", "pk": 18, "fields": {"name": "Can change content type", "content_type": 5, "codename": "change_contenttype"}}, {"model": "auth.permission", "pk": 19, "fields": {"name": "Can delete content type", "content_type": 5, "codename": "delete_contenttype"}}, {"model": "auth.permission", "pk": 20, "fields": {"name": "Can view content type", "content_type": 5, "codename": "view_contenttype"}}, {"model": "auth.permission", "pk": 21, "fields": {"name": "Can add session", "content_type": 6, "codename": "add_session"}}, {"model": "auth.permission", "pk": 22, "fields": {"name": "Can change session", "content_type": 6, "codename": "change_session"}}, {"model": "auth.permission", "pk": 23, "fields": {"name": "Can delete session", "content_type": 6, "codename": "delete_session"}}, {"model": "auth.permission", "pk": 24, "fields": {"name": "Can view session", "content_type": 6, "codename": "view_session"}}, {"model": "auth.permission", "pk": 25, "fields": {"name": "Can add Категория", "content_type": 7, "codename": "add_category"}}, {"model": "auth.permission", "pk": 26, "fields": {"name": "Can change Категория", "content_type": 7, "codename": "change_category"}}, {"model": "auth.permission", "pk": 27, "fields": {"name": "Can delete Категория", "content_type": 7, "codename": "delete_category"}}, {"model": "auth.permission", "pk": 28, "fields": {"name": "Can view Категория", "content_type": 7, "codename": "view_category"}}, {"model": "auth.permission", "pk": 29, "fields": {"name": "Can add Товар", "content_type": 8, "codename": "add_product"}}, {"model": "auth.permission", "pk": 30, "fields": {"name": "Can change Товар", "content_type": 8, "codename": "change_product"}}, {"model": "auth.permission", "pk": 31, "fields": {"name": "Can delete Товар", "content_type": 8, "codename": "delete_product"}}, {"model": "auth.permission", "pk": 32, "fields": {"name": "Can view Товар", "content_type": 8, "codename": "view_product"}}, {"model": "auth.permission", "pk": 33, "fields": {"name": "Can add Изображение", "content_type": 9, "codename": "add_gallery"}}, {"model": "auth.permission", "pk": 34, "fields": {"name": "Can change Изображение", "content_type": 9, "codename": "change_gallery"}}, {"model": "auth.permission", "pk": 35, "fields": {"name": "Can delete Изображение", "content_type": 9, "codename": "delete_gallery"}}, {"model": "auth.permission", "pk": 36, "fields": {"name": "Can view Изображение", "content_type": 9, "codename": "view_gallery"}}, {"model": "auth.user", "pk": 1, "fields": {"password": "pbkdf2_sha256$600000$W8jhfWwGMlcoIgyvg2n1gI$VY5kQNOYDk8UPjucFKCSY7CZ6YCGo33yFn8axCiX2Yk=", "last_login": "2025-06-01T06:45:19.094Z", "is_superuser": true, "username": "a", "first_name": "", "last_name": "", "email": "", "is_staff": true, "is_active": true, "date_joined": "2025-05-25T17:46:07.195Z", "groups": [], "user_permissions": []}}, {"model": "auth.user", "pk": 2, "fields": {"password": "pbkdf2_sha256$600000$m1hWn3UGGs8DiE62Qn1Jr6$gM2DKm0MBkFIcl9yQM7pQ7PKrPujKP8Mu2V/q06/sZ0=", "last_login": "2025-05-30T12:36:35.623Z", "is_superuser": false, "username": "elmar", "first_name": "", "last_name": "", "email": "elmarizmailov667@gmail.com", "is_staff": false, "is_active": true, "date_joined": "2025-05-30T12:23:24.685Z", "groups": [], "user_permissions": []}}, {"model": "auth.user", "pk": 3, "fields": {"password": "pbkdf2_sha256$600000$lGZeMmWvHttBzVV7ewrbRB$IWER808QtyzPLXuOMIZFesD0LZGLhMioABVVbgLLK4A=", "last_login": null, "is_superuser": false, "username": "elmar2", "first_name": "", "last_name": "", "email": "elmarizmailov667@gmail.com", "is_staff": false, "is_active": true, "date_joined": "2025-05-30T12:35:44.700Z", "groups": [], "user_permissions": []}}, {"model": "contenttypes.contenttype", "pk": 1, "fields": {"app_label": "admin", "model": "logentry"}}, {"model": "contenttypes.contenttype", "pk": 2, "fields": {"app_label": "auth", "model": "permission"}}, {"model": "contenttypes.contenttype", "pk": 3, "fields": {"app_label": "auth", "model": "group"}}, {"model": "contenttypes.contenttype", "pk": 4, "fields": {"app_label": "auth", "model": "user"}}, {"model": "contenttypes.contenttype", "pk": 5, "fields": {"app_label": "contenttypes", "model": "contenttype"}}, {"model": "contenttypes.contenttype", "pk": 6, "fields": {"app_label": "sessions", "model": "session"}}, {"model": "contenttypes.contenttype", "pk": 7, "fields": {"app_label": "shop", "model": "category"}}, {"model": "contenttypes.contenttype", "pk": 8, "fields": {"app_label": "shop", "model": "product"}}, {"model": "contenttypes.contenttype", "pk": 9, "fields": {"app_label": "shop", "model": "gallery"}}, {"model": "sessions.session", "pk": "7fwc01fo68we8pqqbjkyfudjptv2pnd9", "fields": {"session_data": ".eJxVjEEOwiAQRe_C2pACUwGX7nsGMgODVA0kpV0Z765NutDtf-_9lwi4rSVsnZcwJ3ERSpx-N8L44LqDdMd6azK2ui4zyV2RB-1yaomf18P9OyjYy7fOA6E2zoJyljhxyoTWsHFMDECKCJC1dmBzUprUEHP02Xs4j5DdqMX7AwuGOJY:1uLcRb:jJzLOe3a3_bX13TLx2BCbjtu6tm5dqgBjFRCgmMGwi8", "expire_date": "2025-06-15T06:45:19.095Z"}}, {"model": "sessions.session", "pk": "bvwama564s3tv16vrp11hvdzgqxjuvgq", "fields": {"session_data": ".eJxVjEEOwiAQRe_C2pACUwGX7nsGMgODVA0kpV0Z765NutDtf-_9lwi4rSVsnZcwJ3ERSpx-N8L44LqDdMd6azK2ui4zyV2RB-1yaomf18P9OyjYy7fOA6E2zoJyljhxyoTWsHFMDECKCJC1dmBzUprUEHP02Xs4j5DdqMX7AwuGOJY:1uLRhy:17mspIlEzxDO-y7BF1XgKEnGlsoZ_M60K_y6Ozh8lHw", "expire_date": "2025-06-14T19:17:30.559Z"}}, {"model": "sessions.session", "pk": "jrzkr8695u6valjd76xyqylsjdlsxtyt", "fields": {"session_data": ".eJxVjEEOwiAQRe_C2pACUwGX7nsGMgODVA0kpV0Z765NutDtf-_9lwi4rSVsnZcwJ3ERSpx-N8L44LqDdMd6azK2ui4zyV2RB-1yaomf18P9OyjYy7fOA6E2zoJyljhxyoTWsHFMDECKCJC1dmBzUprUEHP02Xs4j5DdqMX7AwuGOJY:1uJFRy:nORmm6-_Ttpd_-3nRNfgZNHFggXSVDXaBnVwY_NKviY", "expire_date": "2025-06-08T17:47:54.966Z"}}, {"model": "shop.category", "pk": 2, "fields": {"title": "Часы", "image": "categories_photo/product-4.jpg", "slug": "chasy", "parent": null}}, {"model": "shop.category", "pk": 3, "fields": {"title": "Кварцевые", "image": "", "slug": "kvarcevye", "parent": 2}}, {"model": "shop.category", "pk": 4, "fields": {"title": "Электронные", "image": "", "slug": "elektronnye", "parent": 2}}, {"model": "shop.category", "pk": 5, "fields": {"title": "ноутбуки", "image": "categories_photo/images.jpeg", "slug": "noutbuki", "parent": null}}, {"model": "shop.category", "pk": 6, "fields": {"title": "Кроссовки", "image": "categories_photo/product-6.jpg", "slug": "krossovki", "parent": null}}, {"model": "shop.product", "pk": 1, "fields": {"title": "casio", "price": 50.0, "created_at": "2025-05-26T13:13:56.097Z", "watched": 0, "quantity": 43, "desc": "Нет описания", "info": "Дополнительная информация", "category": 4, "slug": "casio", "size": 30, "color": "Серебристый"}}, {"model": "shop.product", "pk": 2, "fields": {"title": "Hublot", "price": 200.0, "created_at": "2025-05-26T16:06:24.660Z", "watched": 0, "quantity": 15, "desc": "Нет описания", "info": "Дополнительная информация", "category": 3, "slug": "hublot", "size": 30, "color": "Чёрный"}}, {"model": "shop.product", "pk": 3, "fields": {"title": "rolex Air-King", "price": 150.0, "created_at": "2025-05-27T09:09:31.044Z", "watched": 0, "quantity": 10, "desc": "Часы Air‑King отличаются черным циферблатом с крупными цифрами 3, 6 и 9 и минутной разметкой по краю циферблата, по которым удобно определять время в полете.\r\nЦиферблат украшен надписью «Air‑King», выполненной в том же оригинальном стиле, что и на исторической модели 1950‑х годов.", "info": "Высокая стойкость к коррозии\r\nRolex производит часовые корпуса из стали Oystersteel. Сталь Oystersteel, специально разработанная компанией, принадлежит семейству стальных сплавов 904L, широко используемых в сфере высоких технологий, в космической и химической отраслях, где требуется максимальная стойкость к коррозии.\r\nСталь Oystersteel отличается невероятной прочностью, превосходно полируется и сохраняет свою первоначальную красоту даже в экстремальных условиях эксплуатации.", "category": 3, "slug": "rolex-air-king", "size": 30, "color": "Серебристый"}}, {"model": "shop.product", "pk": 4, "fields": {"title": "MacBook Air m1", "price": 1000.0, "created_at": "2025-05-27T16:02:45.528Z", "watched": 0, "quantity": 17, "desc": "Ноутбук Apple MacBook Air 13inch M1 8/256gb - это мощный и компактный помощник, который станет незаменимым спутником в вашей повседневной жизни.\r\nНоутбук оснащен процессором Apple M1, который обеспечивает высокую производительность и", "info": "Артикул Market\r\n24333255247\r\nБренд\r\nApple\r\nЛинейка\r\nMacbook Air\r\nТип\r\nноутбук\r\nОперационная система\r\nmacOS\r\nПроцессор\r\nApple M1\r\nЛинейка процессора\r\nApple M1\r\nЧастота процессора\r\n3200\r\nКоличество ядер процессора\r\n8\r\nОперативная память\r\n8 ГБ\r\nТип памяти\r\nLPDDR4X\r\nДиагональ экрана\r\n13.3\"\r\nРазрешение экрана\r\n2560x1600\r\nЧастота обновления экрана\r\n60 Гц\r\nТип покрытия экрана\r\nглянцевый\r\nТип матрицы экрана\r\nRetina\r\nНаличие микрофона\r\nда\r\nБеспроводные интерфейсы\r\nBluetooth, Wi-Fi\r\nВидеокарта\r\nApple graphics 8-core\r\nТип видеокарты\r\nвстроенная\r\nОбъем видеопамяти\r\nSMA\r\nОбщий объем накопителей SSD\r\n256 ГБ\r\nОптический привод\r\nнет\r\nКоличество слотов памяти\r\n1\r\nВремя автономной работы\r\n12 ч\r\nПодсветка клавиатуры\r\nесть\r\nРаскладка клавиатуры\r\nтолько английская\r\nУстройства позиционирования\r\nTouchpad\r\nВес\r\n1.3 кг\r\n\r\nДополнительно\r\nСрок службы\r\n10 лет\r\nГарантийный срок\r\n1 г.\r\nПеред покупкой уточняйте характеристики и комплектацию у продавца.", "category": 5, "slug": "macbook-air-m1", "size": 13, "color": "Серебристый"}}, {"model": "shop.product", "pk": 5, "fields": {"title": "Hp", "price": 500.0, "created_at": "2025-05-27T16:07:34.946Z", "watched": 0, "quantity": 50, "desc": "Ноутбук HP Envy x360 14-es1013dx - это устройство, которое выведет вашу работу или время простоя на новый уровень.\r\nУлучшенный сенсорный экран с быстрым откликом\r\nНоутбук оснащен 14-дюймовым FHD IPS экраном, который обеспечивает яркое и четкое изображение. Быстрый отклик экрана позволяет работать с приложениями и документами без задержек.\r\nHP Envy x360 14-es1013dx оснащен передовыми технологиями совместной работы, включая потрясающий звук. Это позволяет вам наслаждаться музыкой, фильмами и играми с реалистичным и объемным звуком.\r\nНоутбук выполнен из переработанных материалов, что делает его более экологичным и устойчивым.\r\nHP Envy x360 14-es1013dx оснащен процессором Core 5 120U и 8 ГБ оперативной памяти DDR4, что обеспечивает высокую производительность и быстрое выполнение задач.\r\nВсе необходимые приложения и функции безопасности\r\nНоутбук оснащен всеми необходимыми приложениями и функциями безопасности, включая технологию, которая отключает экран, когда вы уходите, и размывает изображение, когда кто-то находится позади вас. Также в ноутбуке есть ручной затвор камеры для обеспечения конфиденциальности.\r\nВ целом, HP Envy x360 14-es1013dx - это мощный, надежный и удобный в использовании ноутбук, который станет незаменимым помощником в вашей повседневной жизни.", "info": "Артикул Market\r\n2103814096231\r\nБренд\r\nHewlett Packard Enterprise\r\nЛинейка\r\nENVY\r\nТип\r\nтрансформер\r\nОперационная система\r\nWindows 11 Home\r\nПроцессор\r\nIntel Core 5 120U\r\nЛинейка процессора\r\nIntel Core 5\r\nЧастота процессора\r\n5000\r\nКоличество ядер процессора\r\n10\r\nОперативная память\r\n8 ГБ\r\nТип памяти\r\nDDR4\r\nЧастота памяти\r\n3200 МГц\r\nДиагональ экрана\r\n14\"\r\nРазрешение экрана\r\n1920x1080\r\nЧастота обновления экрана\r\n60 Гц\r\nТип покрытия экрана\r\nглянцевый\r\nТип матрицы экрана\r\nIPS\r\nСенсорный экран\r\nесть\r\nНаличие микрофона\r\nда\r\nБеспроводные интерфейсы\r\nBluetooth, Wi-Fi\r\nВерсия Bluetooth\r\n5.3\r\nИнтерфейсы\r\nUSB 3.1 Type A x 2, USB 3.2 Gen2 Type-С, выход HDMI, микрофон/наушники Combo\r\nФункционал USB Type-C\r\nDisplayPort 1.4, Power Delivery, Sleep-and-Charge\r\nВидеокарта\r\nIntel UHD Graphics\r\nТип видеокарты\r\nвстроенная\r\nОбъем видеопамяти\r\nSMA\r\nТип видеопамяти\r\nSMA\r\nОбщий объем накопителей SSD\r\n512 ГБ\r\nОптический привод\r\nнет\r\nПоддержка карт памяти\r\nmicroSD\r\nЕмкость аккумулятора (Вт·ч)\r\n43 Вт·ч\r\nПодсветка клавиатуры\r\nесть\r\nРаскладка клавиатуры\r\nтолько английская\r\nУстройства позиционирования\r\nTouchpad\r\nРазрешение веб-камеры\r\n720p\r\nСканер отпечатков пальцев\r\nесть\r\nВес\r\n1.7 кг\r\n\r\nДополнительно\r\nГарантийный срок\r\n12 мес.\r\nПеред покупкой уточняйте характеристики и комплектацию у продавца.", "category": 5, "slug": "hp", "size": 14, "color": "Белый"}}, {"model": "shop.product", "pk": 6, "fields": {"title": "Patek philippe", "price": 250.0, "created_at": "2025-05-27T16:11:47.206Z", "watched": 0, "quantity": 44, "desc": "Новая версия легендарного дизайна, модель 5811/1G-001 Nautilus имеет корпус и браслет из белого золота, а также синий циферблат с черным деграде по периферии.\r\nОбладающие диаметром 41 мм и водонепроницаемостью до 30 м, эти часы воспроизводят корпус", "info": "Артикул Market\r\n24312142671\r\nБренд\r\nPatek Philippe\r\nКоллекция\r\nVintage Douglas\r\nЦвет товара\r\nТип механизма\r\nкварцевые\r\nПол\r\nмужской\r\nОсобенности\r\nподсветка стрелок\r\nКласс водонепроницаемости\r\nWR30 (брызги, дождь)\r\nИсточник энергии\r\nтепло руки\r\nВес\r\n100 г\r\nСтрана бренда\r\nШвейцария\r\nСтрана производства\r\nКитай\r\n\r\nВнешний вид и конструкция\r\nФорма\r\nквадрат\r\nЦиферблат\r\nаналоговый (стрелки)\r\nМатериал корпуса\r\nнерж. сталь\r\nПокрытие корпуса\r\nполное, каучук, IP\r\nСтекло\r\nминеральное\r\nМатериал браслета\r\nнерж. сталь + стекло\r\nПокрытие браслета\r\nполное, каучук, IP\r\nМинутная стрелка\r\nцентральная\r\nСекундная стрелка\r\nцентральная\r\nИндикация\r\nметки\r\nПеред покупкой уточняйте характеристики и комплектацию у продавца.\r\nВнешний вид товаров и/или упаковки может быть изменён изготовителем и отличаться от изображенных на Яндекс Маркете.", "category": 3, "slug": "patek-philippe", "size": 30, "color": "серебристый"}}, {"model": "shop.product", "pk": 7, "fields": {"title": "Adidas", "price": 56.0, "created_at": "2025-05-27T16:21:43.262Z", "watched": 0, "quantity": 70, "desc": "Кроссовки мужские", "info": "Мужские кроссовки Samba выполнены из искусственной кожи с замшевыми вставками. Цвет белый с черными деталями. Подошва резиновая коричневого цвета с рельефным рисунком. Классический дизайн с тремя черными полосками на боковой части. Застежка на шнуровке. Мягкий задник с черной вставкой для комфорта.", "category": 6, "slug": "adidas", "size": 45, "color": "Чёрный"}}, {"model": "shop.product", "pk": 8, "fields": {"title": "Samba", "price": 15.0, "created_at": "2025-05-27T16:24:28.756Z", "watched": 0, "quantity": 49, "desc": "Стильные и удобные кроссовки Samba подойдут для людей с активным образом жизни. Лёгкая подошва и качественный материал обеспечивают комфорт в течение всего дня. Модели доступны в восьми цветовых вариантах, включая классический чёрно-белый и яркий бордовый. Эти кроссовки универсальны и подойдут как для занятий спортом, так и для прогулок или повседневной носки.", "info": "Универсальные кроссовки Samba в разных расцветках", "category": 6, "slug": "samba", "size": 30, "color": "Белый"}}, {"model": "shop.gallery", "pk": 1, "fields": {"image": "products/AQ230-800x800.jpg", "product": 1}}, {"model": "shop.gallery", "pk": 2, "fields": {"image": "products/AQ230-800x800_rI5P6RJ.jpg", "product": 1}}, {"model": "shop.gallery", "pk": 3, "fields": {"image": "products/AQ230-800x800_4u9mBZp.jpg", "product": 1}}, {"model": "shop.gallery", "pk": 4, "fields": {"image": "products/Classic-Fusion-Titanium-on-Rubber-45-mm.png", "product": 2}}, {"model": "shop.gallery", "pk": 5, "fields": {"image": "products/Classic-Fusion-Titanium-on-Rubber-45-mm_gDrpuCh.png", "product": 2}}, {"model": "shop.gallery", "pk": 6, "fields": {"image": "products/Classic-Fusion-Titanium-on-Rubber-45-mm_fqAuAMi.png", "product": 2}}, {"model": "shop.gallery", "pk": 7, "fields": {"image": "products/shopping-2.jpeg", "product": 3}}, {"model": "shop.gallery", "pk": 8, "fields": {"image": "products/shopping-2_ACMqHGp.jpeg", "product": 3}}, {"model": "shop.gallery", "pk": 9, "fields": {"image": "products/shopping-2_9Ilc7Re.jpeg", "product": 3}}, {"model": "shop.gallery", "pk": 10, "fields": {"image": "products/images-3.jpeg", "product": 4}}, {"model": "shop.gallery", "pk": 11, "fields": {"image": "products/images-3_fCtqHJm.jpeg", "product": 4}}, {"model": "shop.gallery", "pk": 12, "fields": {"image": "products/images-3_moJ00sF.jpeg", "product": 4}}, {"model": "shop.gallery", "pk": 13, "fields": {"image": "products/images-4.jpeg", "product": 5}}, {"model": "shop.gallery", "pk": 14, "fields": {"image": "products/images-4_zslNfPF.jpeg", "product": 5}}, {"model": "shop.gallery", "pk": 15, "fields": {"image": "products/images-4_Bct5YVs.jpeg", "product": 5}}, {"model": "shop.gallery", "pk": 16, "fields": {"image": "products/images-5.jpeg", "product": 6}}, {"model": "shop.gallery", "pk": 17, "fields": {"image": "products/images-5_Yxe4t6c.jpeg", "product": 6}}, {"model": "shop.gallery", "pk": 18, "fields": {"image": "products/images-5_skIJnMt.jpeg", "product": 6}}, {"model": "shop.gallery", "pk": 19, "fields": {"image": "products/images-2.jpeg", "product": 7}}, {"model": "shop.gallery", "pk": 20, "fields": {"image": "products/images-2_ZjeVhvN.jpeg", "product": 7}}, {"model": "shop.gallery", "pk": 21, "fields": {"image": "products/images-2_7PqaLmQ.jpeg", "product": 7}}, {"model": "shop.gallery", "pk": 22, "fields": {"image": "products/cvm6n6tpb7f8td1j94b0.jpg", "product": 8}}, {"model": "shop.gallery", "pk": 23, "fields": {"image": "products/cvm6n6tpb7f8td1j94b0_bw1xdRz.jpg", "product": 8}}, {"model": "shop.gallery", "pk": 24, "fields": {"image": "products/cvm6n6tpb7f8td1j94b0_k83sZgL.jpg", "product": 8}}]